nct_id,brief_title,description,brief_title_concepts_list,brief_summary_concepts_list,tot_subj_affected,tot_subj_risk,relevance,citationSum,citationAvg,briefTitlePageRankScore,briefTitleAndSummaryCombinedPageRankScore
NCT01527916,Evaluate the Efficacy and Safety of ABT-126 in Subjects With Mild to Moderate Alzheimer's Disease,~     This is an efficacy and safety study evaluating a new treatment for subjects with mild to~     moderate Alzheimer's disease.~   ,C0002395,C0002395;C0376495,0.0,0.0,-1,5.0,5.0,0.06201217287951603,0.05976374200033798
NCT00818662,A Phase 3 Study Evaluating Safety and Effectiveness of Immune Globulin Intravenous (IGIV 10%) for the Treatment of Mild-to-Moderate Alzheimer´s Disease,"~     The purpose of this study was to evaluate the efficacy and safety of 2 doses of Immune~     Globulin Intravenous (IGIV), 10% administered every 2 weeks as an intravenous (IV) infusion~     compared with placebo in participants with mild to moderate Alzheimer's disease (AD).~   ",C0002395;C0376495,C0002395;C0032042,1626.0,44045.0,-1,26.0,26.0,0.0392251357432854,0.05290618214412184
NCT00478205,Comparison of 23 mg Donepezil Sustained Release (SR) to 10 mg Donepezil Immediate Release (IR) in Patients With Moderate to Severe Alzheimer's Disease,~     The purpose of this study is to compare 23 mg donepezil sustained release (SR) to the~     currently marketed formulation of 10 mg donepezil immediate release (IR) in patients with~     moderate to severe Alzheimer's disease.~   ,C0002395;C2732140,C0002395;C2732140,1007.0,189288.0,-1,104.0,17.3333333333333,0.03534358914409203,0.04772361628070103
NCT01549834,Evaluate the Efficacy and Safety of ABT-126 in Subjects With Mild to Moderate Alzheimer's Disease on Stable Doses of Acetylcholinesterase Inhibitors,~     This is an efficacy and safety study evaluating a new treatment for subjects with mild to~     moderate Alzheimer's disease.~   ,C0001046;C0002395,C0002395;C0376495,0.0,0.0,-1,7.0,7.0,0.03534358914409203,0.046498260656184766
NCT00708552,Study of SB-742457 or Donepezil Versus Placebo in Subjects With Mild-to-moderate Alzheimer's Disease,"~     The study is designed to investigate the efficacy, safety and tolerability of SB-742457~     versus placebo in subjects with mild-to-moderate Alzheimer's disease. SB-742457 is an~     experimental treatment which increases the levels of certain chemicals in the brain that are~     often decreased in patients with Alzheimer's disease.~   ",C0002395;C0032042,C0002395;C0006104;C0002395;C0032042;C2946261;C0376495,544.0,101024.0,-1,6.0,6.0,0.03534358914409203,0.04434996001289443
NCT00074529,Study of MK0677 for the Treatment of Alzheimer's Disease (0677-030)(COMPLETED),An investigational drug (MK0677) will be studied to determine whether it helps the memory and      cognition of patients with Alzheimer's Disease.,C0002395;C0087111;C0947630,C0013230;C0002395;C0009240;C0025260;C4082977,,,1,5.0,5.0,0.046637576355367916,0.0438120386597473
NCT00710684,"A Study of SB-742457, Added to Donepezil for the Treatment of Mild-to-moderate Alzheimer's Disease",The study is designed to investigate the safety and efficacy of SB-742457 when added to      stable donepezil treatment in subjects with mild-to-moderate Alzheimer's disease.,C0002395;C0527316;C0087111;C0947630;C1547225;C1547226,C0002395;C0527316;C0087111;C0947630;C1706074;C0776963;C1547226,390.0,52514.0,0,3.0,3.0,0.0405204555905742,0.041163499108740016
NCT03978338,A Study to Evaluate the Efficacy and Safety of Brain Polypeptide Solution in Mild Alzheimer's Disease,"~     In recent years, reduced levels of brain-derived neurotrophic factor (BDNF) have been found~     in dementia patients. BDNF reduces amyloid precursor protein (APP) fragments via the Trk~     signaling pathway, and the expression of transgenic BDNF in animal models of Alzheimer's~     Disease（AD）shows a protective effect on neurodegeneration. A lot of researches have proved~     that brain hydrolysate injection can improve the level of BDNF in the brain. And oral brain~     peptide dietary supplements, which is also derived from brain proteolytic products, may also~     adjust and improve neuron metabolism, promote the formation of synapses, induce the~     differentiation of neurons, and protect nerve cells from ischemia and neurotoxin damage,~     reduce the risk of loss of cognitive function in the aging process. However, there are still~     no studies on dietary supplements derived from brain protein hydrolysates in China.~     Therefore, the investigators designed a randomized controlled double-blind study program to~     preliminarily evaluate the efficacy, safety and possible mechanism of brain polypeptide~     solution in improving the cognition of mild alzheimer's disease patients.~      The research is a prospective, multicenter, cohort study. 200 patients with mild alzheimer's~     disease will be selected and randomly divided into experimental group and control group~     according to the numerical random table. The experimental group will take the brain~     polypeptide solution 60ml per day and the control group was treated with the same package of~     placebo 60ml per day. The treatment regimen remained unchanged during the observation period.~     During the study period, safety index including blood and urine routine, liver and kidney~     function, coagulation index and clinical effect index about neuropsychological scales will be~     recorded.~   ",C0002395;C0006104,C0002395;C3888347;C0025519;C0486805;C0009240;C0497327;C0022116;C0332149;C1522240;C2728259;C0012634;C0222045;C0006104;C0006104;C2946261;C0006104;C0006104;C0001811;C0006104;C0006104;C0918012;C0005767;C0042036;C0023884;C0918012;C0392335;C0184511;C0184511;C0032042;C0022646;C2946261;C3161035;C0006104;C0006104;C0242297;C0242297;C0033621;C0033621;C0180112;C0376495,0.0,0.0,-1,,,0.03534358914409203,0.040327608667193884
NCT01690195,Safety and Tolerability Study Evaluating a New Treatment for Subjects With Mild to Moderate Alzheimer's Disease,This is a long term extension study to evaluate safety and tolerability of subjects who      complete study M11-793 which is evaluating a new treatment for subjects with mild to moderate      Alzheimer's disease on stable doses of acetylcholinesterase inhibitors.,C4684765;C0002395;C0087111;C1547226;C0947630;C1547225,C0001046;C4684765;C0002395;C0087111;C0947630;C0947630;C1578513;C1525442;C1706074;C0220825;C4283785;C1547226,,,1,5.0,5.0,0.04043230004017468,0.04011344470898457
NCT01676935,This is a Safety and Tolerability Study Evaluating a New Treatment for Subjects With Mild to Moderate Alzheimer's Disease,This is a long term extension study to evaluate safety and tolerability of subjects who      complete study M10-985 which is evaluating a new treatment for subjects with mild to moderate      Alzheimer's disease.,C4684765;C0002395;C0087111;C1547226;C0947630;C1547225,C4684765;C0002395;C0087111;C0947630;C0947630;C1578513;C1525442;C0220825;C4283785;C1547226,,,1,3.0,3.0,0.04043230004017468,0.04000277874712463
NCT01677754,A Study of RO4602522 in Participants With Moderate Severity Alzheimer Disease on Background Alzheimer Disease Therapy,"This Phase II, multicenter, randomized, double-blind, parallel-group, placebo-controlled      study will evaluate the efficacy and safety of RO4602522 in participants with moderate      severity Alzheimer's disease. Participants who are taking background therapy of      acetylcholinesterase inhibitors (AChEI) alone or in combination with memantine for at least 4      months before screening will be randomized to receive either one of two doses of RO4602522 or      placebo for 12 months.",C0002395;C0002395;C1547226;C0087111;C0947630,C0001046;C0002395;C0025242;C0199230;C0032042;C0087111;C0032042;C0456909;C0947630;C0439044;C3539181;C4699604;C2911690;C1561542;C1552839;C4554418;C0220825;C1547226,,,1,1.0,1.0,0.04364070706512024,0.039542873247471716
NCT01782742,Bexarotene Amyloid Treatment for Alzheimer's Disease,"Retinoid X receptors (RXR) are nuclear receptors that have been linked to numerous metabolic      pathways relevant to Alzheimer's disease (AD) and Aβ (harmful protein) production and      removal. The study drug ""bexarotene"" is an FDA approved anti-cancer agent but is not approved      for use in Alzheimer's disease. Bexarotene acts as an RXR agonist that has reduced Aβ      (harmful protein) in the brain in experimental models of Alzheimer's disease.      This study aims to determine the safety and effect on abnormal proteins found in the brain      (based on brain scans) of 300 mg of ""bexarotene"" administered for one month compared to      placebo (inactive agent).",C0002395;C0765273;C0087111;C4282142,C0002395;C0002395;C0086272;C0002395;C0596217;C0765273;C0765273;C0765273;C0035339;C0205161;C3244313;C0015252;C2987634;C0032042;C0006826;C1518681;C0947630;C0006104;C0947630;C0006104;C1561542;C0013227;C0035150;C2707259;C0033621;C0033621;C4082977,35.0,120.0,0,19.0,19.0,0.036581916031449384,0.03942365127765513
NCT01172145,Treatment of Apathy in Alzheimer's Disease With Modafinil,"This study examined the effects of modafinil on apathetic symptomatology, performance of      activities of daily living (ADLs) and caregiver burden in individuals with Alzheimer's      disease (AD).",C0002395;C0087111;C0066677;C0085632,C0066677;C0085632;C0332128;C0012634;C0947630;C1518681;C0451227;C3845379,2.0,66.0,0,7.0,7.0,0.03984516067790213,0.03906619066280271
NCT01019421,Lu AE58054 Added to Donepezil for the Treatment for Moderate Alzheimer's Disease,"The purpose of this study is to accept or reject the hypothesis that Lu AE58054 improves      cognition and functional outcomes in patients with moderate Alzheimer's Disease, already in      treatment with donepezil.",C0002395;C3253508;C0527316;C0087111;C1547226,C0002395;C3253508;C0009240;C0087111;C0527316;C0947630;C0562230;C0184511;C1547226,,,1,22.0,22.0,0.037420890404930685,0.03892211879851883
NCT00099710,Curcumin in Patients With Mild to Moderate Alzheimer's Disease,"~     The purpose of this study is to examine the safety and tolerability of curcumin, and to~     determine its effect on patients with mild to moderate Alzheimer's Disease (AD).~   ",C0002395;C0010467,C0002395;C0010467;C0332128,0.0,0.0,-1,85.0,85.0,0.03534358914409203,0.03811636940763832
NCT00812565,Study of Octagam (Intravenous Immunoglobulin [IVIG]) 10% on the Treatment of Mild to Moderate Alzheimer's Disease,This study evaluated the effect of 6 or 12 infusions of different doses of octagam      (intravenous immunoglobulin [IVIG]) 10% on the reduction of amyloid beta peptide (Aβ) in      cerebral spinal fluid (CSF) and on the increase of Aβ in blood plasma in patients with mild      to moderate Alzheimer's disease.,C0085297;C0002395;C0087111;C1547226;C0731209;C0947630;C1547225,C0085297;C0002395;C0007806;C0032105;C0574032;C4551656;C0006104;C0030956;C1518681;C0947630;C0220825;C1547226,136.0,4648.0,0,41.0,41.0,0.039835773969728004,0.03776590160421541
NCT00216593,Treatment of Severe Alzheimer's Disease: Evaluation of Efficacy and Safety of Galantamine Hydrobromide in a Controlled Study,The purpose of this study is to assess the effectiveness and safety of galantamine      hydrobromide treatment in patients with severe Alzheimer's disease.,C0949312;C0002395;C0220825;C2911690;C0087111;C0205082;C0947630,C0002395;C4553491;C0016967;C0087111;C0205082;C0947630,,,1,20.0,20.0,0.036230041326400786,0.03745104878508704
NCT00911807,Comparative Study to Test Safety and Efficacy of Neurotrophic and Cholinergic Treatment of Alzheimer's Disease,"The study was performed to compare the safety and efficacy of Cerebrolysin (10 mililiters      [ml]), Aricept (10 miligrams [mg]), and a combination of both treatments on cognitive      performance and global function in patients with probable Alzheimer's Disease (AD). It should      also be assessed if the treatments have a positive effect on activities of daily living and      neuropsychiatric symptoms.      Oral treatment with Aricept or Placebo was given once daily throughout the study. Intravenous      treatment with Cerebrolysin or Placebo was given once daily for 5 days per week during week 1      to 4 and during week 13 to 16 of the study. During the study patients had six visits at the      hospital for evaluation.",C0002395;C0009491;C0087111;C0022885;C0242893,C0002395;C0087111;C0087111;C0220825;C0087111;C0087111;C0031843;C0332148;C1446409;C0527315;C0527315;C0032042;C0032042;C1518681;C0947630;C3244317;C0947630;C3244317;C0947630;C0947630;C1561540;C1561540;C1561540;C3539181;C3534762;C0055108;C0055108;C0451227;C0085297;C1512346,312.0,3800.0,0,8.0,8.0,0.03431990493298255,0.03708296620664701
NCT00420420,MK0249 for the Symptomatic Treatment of Alzheimer's Disease (MK0249-011),"The purpose of this study is to test the efficacy and safety of an investigational medication      for improving symptoms of Alzheimer's Disease. Subjects will receive either active medication      or placebo for 28 days. Tests of memory, concentration will be included. Safety will be      monitored using routine clinical and laboratory tests.",C0002395;C0087111;C0231221,C0002395;C0022885;C3245491;C0086045;C0013227;C0013227;C0032042;C0025260;C0947630;C0022885;C0392366;C1457887;C1320102;C0030695;C3272565,107.0,3146.0,0,4.0,4.0,0.04164454882416478,0.03649710092190952
NCT00843518,Treatment for Aggression and Agitation in Patients With Alzheimer's Disease,The purpose of this study is to determine whether this drug can help symptoms of aggression      and agitation in participants with Alzheimer's disease.,C0002395;C4050402;C0087111;C0085631;C1550655,C0002395;C0085631;C0947630;C0013227;C1552861;C1457887;C4050402;C4082977,146.0,13135.0,0,4.0,4.0,0.03482901891266183,0.036364003548461164
NCT00117403,Anti-Oxidant Treatment of Alzheimer's Disease,"The purpose of this study is to examine the safety and effectiveness of two anti-oxidant      treatment regimens in patients with mild to moderate Alzheimer's disease. The anti-oxidant      treatments include vitamin E + C + alpha-lipoic acid, and Coenzyme Q (CoQ).",C0002395;C0087111;C0003402,C0002395;C0023791;C4553491;C0087111;C0041536;C0087111;C0042874;C2945654;C0947630;C0000589;C1547226,,,1,66.0,66.0,0.04164454882416478,0.034676501580036136
NCT01796314,Impact of Therapeutic Educational Programme on the Alzheimer's Disease Affected Patient's Quality of Life,"Therapeutic education expands in Alzheimer's Disease management in France. Several studies      revealed a positive impact on caregiver's burden and/or quality of life. The purpose of this      study, is to determine whether a therapeutic educational programme for both AD patients and      primary caregivers, in community dwelling, improves patient's quality of life.",C0002395;C0518214;C0087111;C1550655;C0013658;C0376691,C0002395;C0518214;C0518214;C0087111;C0376636;C0424927;C1446409;C0947630;C0947630;C0087111;C0424927;C3694424;C0184511;C3845379;C4082977,,,1,0.0,0.0,0.033826888536657745,0.03380615983616586
NCT00523666,Diffusion Tensor Weighted MRI in Alzheimer's Disease Modifying Treatment Effects of Galantamine (Reminyl®),"Alzheimer's disease (AD) is characterized by progressive subcortical and cortical neuronal      degeneration. AD patients differ in the time course of neuronal degeneration and accompanying      cognitive decline.      With recent advances in MR imaging, including optimized data acquisition and processing      techniques, tools that are especially well suited for tracking long-term pathological changes      as well as drug treatment effects have become available. In addition to structural imaging,      new acquisition and analysis techniques have been developed to determine integrity of      subcortical fiber tracts in vivo.      In the present project we propose to determine predictors of disease progression and      treatment response and investigate potential treatment effects on structural disease      progression, covering the continuum from axonal degeneration to cortical neuronal loss taking      advantage of recent advances in MRI acquisition and analysis techniques.",C0002395;C0016967;C0087111;C0939465;C1537007;C1305866,C0002395;C0242656;C0338656;C0011164;C0011164;C0011164;C0815275;C0815275;C0242656;C0087111;C0087111;C0087111;C1704632;C0079595;C0079595;C0150312;C0012634;C1185740;C0225326;C3245479;C0013227;C1578513;C1833299;C1518681;C1518681;C3839460;C2363670;C0308269;C0015733;C0001613;C4082977;C4082977,,,1,4.0,4.0,0.03332037537022359,0.030265555896512523
NCT01117181,Apathy in Dementia Methylphenidate Trial (ADMET),"~     The Apathy in Dementia Methylphenidate Trial (ADMET) is a masked, placebo-controlled trial~     that will examine the efficacy and safety of methylphenidate for the treatment of clinically~     significant apathy in patients with Alzheimer's dementia.~   ",C0025810;C0497327;C0085632,C0025810;C0025810;C0497327;C0085632;C0085632;C0032042;C0332128;C0497327;C0180112;C0376495,373.0,1632.0,-1,45.0,45.0,0.014154522519866127,0.02209493727119129
NCT00620659,Treatment of Refractory Excessive Daytime Sleepiness in Patients With Obstructive Sleep Apnea/Hypopnea Syndrome (OSA/HS) Using Nasal Continuous Positive Airway Pressure (nCPAP) Therapy (0249-015),~     The purpose of this study is to determine the safety and efficacy of MK0249 in treating~     refractory excessive daytime sleepiness (EDS) in patients with Obstructive Sleep~     Apnea/Hypopnea Syndrome (OSA/HS) using nasal continuous positive airway pressure (nCPAP)~     therapy.~   ,C0199451;C0037315;C0235546;C0039082;C0376495,C0199451;C0235546;C0039082;C0003578;C0037313,408.0,50112.0,-1,3.0,3.0,0.01265374216012048,0.014848439426821748
NCT03401619,Beijing Osteoporosis With Neurological Disorders in Epigenetic Changes Study,"~     Epigenetic modification refers to the change of heritable gene expression occurring in the~     case of unchanged DNA sequence, including DNA methylation, epigenetic modification, RNAS,~     chromatin modification, etc. The study found that osteoporosis (OSTEOPOROSIS,OP) with~     neurological disorders is very common, the risk of fracture of patients increased. It is~     considered that epigenetic regulation plays an important role in the occurrence and~     development of OP with neurological disorders. In particular, the role and molecular~     mechanism of epigenetic modification in OP with neurological disorders are not clear, and the~     results of clinical studies with different sample sizes are not consistent. (1) Two-way~     continuous queues,an ambispective cohort study， namely: forward-looking queue method~     (2017-2027) and Retrospective queue method (2007-2017) were used to understand the effect of~     epigenetic modification on bone mineral density, bone metabolic Biochemical Index, imaging~     index and fracture incidence of patients with neurological diseases in outpatients and wards,~     and to provide basis for further study. To observe the effects of epigenetic modification on~     cognitive function in two groups of patients (memory scale, life activity Energy meter (ADL)~     and cognitive scale (MMSE) and clinical physical examination and neuropsychological test,~     etc., Bone correlation detection (Lumbar and hip bone mineral density T-score, imaging index,~     bone Metabolic Biochemical Index and fracture incidence index) Influence. Multivariate~     stepwise regression analysis was performed to eliminate confounding factors, such as age,~     body mass index (BMI), related risk factors, and internal diseases. The patient's previous~     information is also analyzed; (2) To find meaningful epigenetic modification from clinical~     data, the molecular mechanism was studied in depth, and the imaging indexes (X-ray, CT, MRI)~     and Bone marker Index (serum osteocalcin (OC), total I-type procollagen peptide (TP1NP) were~     found in the study. Type I collagen hydroxy-terminated peptide beta degradation product~     (Β-CTX)). The relationship between the reaction epigenetic modification and cognitive~     function index, image and bone markers and the mechanism model were further established.~   ",C0029456,C0031809;C1305855;C3840684;C3840684;C3840684;C0029456;C0029456;C3840684;C3840684;C3840684;C0035648;C3840684;C3840684;C0373691;C0684321;C1511790;C0016658;C0016658;C0030786;C0016658;C0600653;C0025260;C0918012;C0918012;C1874451;C0918012;C0918012;C0918012;C0229671;C0918012;C1704922;C3161035;C0392335;C0012634;C0012634;C0025663;C0177804;C0222045;C0222045;C2947996,0.0,0.0,-1,,,0.03703703703703688,0.013734372052575617
NCT02061878,A Study to Evaluate the Effect of Bexarotene on Beta-Amyloid and Apolipoprotein E Metabolism in Healthy Subjects,~     The primary objective of this proof of mechanism pilot clinical trial is to determine if the~     RXR agonist bexarotene acts in humans to alter the CSF levels of apoE and alter the clearance~     of Amyloid-Beta~   ,C0025519;C0052208,C2987634;C2946261,0.0,0.0,-1,11.0,11.0,0.03703703703703689,0.013680678490259461
